Network model,IE-Type,Platform name,Throughput-INT8,Throughput-FP32,Throughput-FP16,Value,Efficiency,Latency
begin_rec,,,,,,,,
bert-base-cased[124],atom,Intel® Atom™ x5-E3940,0.86,0.43,0.43,0.025,0.09,800
bert-base-cased[124],atom,Intel® Atom™ x6425E CPU-only,,,,#VALUE!,#VALUE!,0
bert-base-cased[124],atom,Intel® Atom™ x6425E iGPU-only,,,,#VALUE!,#VALUE!,0
bert-base-cased[124],atom,Intel® Atom™ x6425E CPU+iGPU,,,,#VALUE!,#VALUE!,
bert-base-cased[124],atom,Intel® Celeron 6305E CPU-only,,,,0,0,
bert-base-cased[124],atom,Intel® Celeron 6305E iGPU-only,,,,0,0,
bert-base-cased[124],atom,Intel® Celeron 6305E CPU+iGPU,,,,0,0,
bert-base-cased[124],core,Intel® Core™ i3-8100,5.99,4.2,4.2,0.051,0.092,5670
bert-base-cased[124],core,Intel® Core™ i5-8500,9.64,6.6,6.71,0.05,0.148,8870
bert-base-cased[124],core,Intel® Core™ i7-8700T,8.3,5.36,5.46,0.027,0.237,7440
bert-base-cased[124],core,Intel® Core™ i9-10900TE,8.19,5.38,5.39,0.018,0.233,6550
bert-base-cased[124],core,Intel® Core™ i9-12900HK CPU-only,20.42,8.53,8.68,0.032,0.453,17640
bert-base-cased[124],core,Intel® Core™ i9-12900HK iGPU-only,36.17,15.14,21.74,0.056,0.803,33300
bert-base-cased[124],core,Intel® Core™ i9-12900HK CPU+iGPU,43.02,17.09,24.14,0.067,0.955,
bert-base-cased[124],core,Intel® Core™ i9-12900K CPU-only,33.27,15.17,15.32,0.056,0.266,22190
bert-base-cased[124],core,Intel® Core™ i9-12900K iGPU-only,17.93,6.8,10.45,0.03,0.143,17330
bert-base-cased[124],core,Intel® Core™ i9-12900K CPU+iGPU,36.9,15.48,19.16,0.062,0.295,
bert-base-cased[124],core,Intel® Core™ i7-11800H CPU-only,27.39,9.08,9.45,0.069,0.782,27960
bert-base-cased[124],core,Intel® Core™ i7-11800H iGPU-only,16.45,6.17,9.47,0.041,0.469,15900
bert-base-cased[124],core,Intel® Core™ i7-11800H CPU+iGPU,29.82,11.34,15,0.075,0.851,
bert-base-cased[124],core,Intel® Core™ i7-1185G7 CPU-only,15.75,5.17,5.24,0.036,0.562,14790
bert-base-cased[124],core,Intel® Core™ i7-1185G7 iGPU-only,35.04,14.25,21.74,0.082,1.251,10320
bert-base-cased[124],core,Intel® Core™ i7-1185G7 CPU+iGPU,37.09,14.8,21.17,0.087,1.324,
bert-base-cased[124],core,Intel® Core™ i7-1185GRE CPU-only,10.28,3.6,3.82,0.02,0.367,10610
bert-base-cased[124],core,Intel® Core™ i5-10500TE ,8.19,5.38,5.39,0.041,0.233,7540
bert-base-cased[124],xeon,Intel® Xeon® W1290P,13.71,9.75,9.64,0.025,0.109,14240
bert-base-cased[124],xeon,Intel® Xeon® E-2124G,6.04,4.44,4.45,0.028,0.085,5700
bert-base-cased[124],xeon,Intel® Xeon® Silver 4216R,52.97,19.36,19.52,0.026,0.211,48090
bert-base-cased[124],xeon,Intel® Xeon® Silver 4316,,,,0,0,
bert-base-cased[124],xeon,Intel® Xeon® Gold 5218T,55.63,18.76,18.78,0.02,0.264,50310
bert-base-cased[124],xeon,Intel® Xeon® Platinum 8270,119.71,59.62,60.33,0.008,0.291,96350
bert-base-cased[124],xeon,Intel® Xeon® Platinum 8380,,,,0,0,
end_rec,,,,,,,,
begin_rec,,,,,,,,
bert-large-uncased-whole-word-masking-squad-int8-0001 [384],atom,Intel® Atom™ x5-E3940,0.26,0.13,0.13,0.007,0.027,240
bert-large-uncased-whole-word-masking-squad-int8-0001 [384],atom,Intel® Atom™ x6425E CPU-only,,,,#VALUE!,#VALUE!,0
bert-large-uncased-whole-word-masking-squad-int8-0001 [384],atom,Intel® Atom™ x6425E iGPU-only,,,,#VALUE!,#VALUE!,0
bert-large-uncased-whole-word-masking-squad-int8-0001 [384],atom,Intel® Atom™ x6425E CPU+iGPU,,,,#VALUE!,#VALUE!,
bert-large-uncased-whole-word-masking-squad-int8-0001 [384],atom,Intel® Celeron 6305E CPU-only,,,,0,0,
bert-large-uncased-whole-word-masking-squad-int8-0001 [384],atom,Intel® Celeron 6305E iGPU-only,,,,0,0,
bert-large-uncased-whole-word-masking-squad-int8-0001 [384],atom,Intel® Celeron 6305E CPU+iGPU,,,,0,0,
bert-large-uncased-whole-word-masking-squad-int8-0001 [384],core,Intel® Core™ i3-8100,2.03,1.29,1.28,0.017,0.031,2040
bert-large-uncased-whole-word-masking-squad-int8-0001 [384],core,Intel® Core™ i5-8500,3.23,1.93,1.94,0.016,0.049,3240
bert-large-uncased-whole-word-masking-squad-int8-0001 [384],core,Intel® Core™ i7-8700T,2.68,1.54,1.56,0.008,0.076,2630
bert-large-uncased-whole-word-masking-squad-int8-0001 [384],core,Intel® Core™ i9-10900TE,2.73,1.58,1.58,0.006,0.078,2340
bert-large-uncased-whole-word-masking-squad-int8-0001 [384],core,Intel® Core™ i9-12900HK CPU-only,6.55,2.55,2.57,0.01,0.145,5250
bert-large-uncased-whole-word-masking-squad-int8-0001 [384],core,Intel® Core™ i9-12900HK iGPU-only,11.15,4.76,7.8,0.017,0.247,10710
bert-large-uncased-whole-word-masking-squad-int8-0001 [384],core,Intel® Core™ i9-12900HK CPU+iGPU,12.12,5.07,8.01,0.019,0.269,
bert-large-uncased-whole-word-masking-squad-int8-0001 [384],core,Intel® Core™ i9-12900K CPU-only,10.82,4.37,4.37,0.018,0.086,5250
bert-large-uncased-whole-word-masking-squad-int8-0001 [384],core,Intel® Core™ i9-12900K iGPU-only,5.18,2.09,3.47,0.008,0.041,5100
bert-large-uncased-whole-word-masking-squad-int8-0001 [384],core,Intel® Core™ i9-12900K CPU+iGPU,11.17,4.56,5.92,0.018,0.089,
bert-large-uncased-whole-word-masking-squad-int8-0001 [384],core,Intel® Core™ i7-11800H CPU-only,8.59,2.52,2.55,0.021,0.245,8840
bert-large-uncased-whole-word-masking-squad-int8-0001 [384],core,Intel® Core™ i7-11800H iGPU-only,4.66,1.89,3.19,0.011,0.133,4610
bert-large-uncased-whole-word-masking-squad-int8-0001 [384],core,Intel® Core™ i7-11800H CPU+iGPU,8.57,3.37,4.66,0.021,0.244,
bert-large-uncased-whole-word-masking-squad-int8-0001 [384],core,Intel® Core™ i7-1185G7 CPU-only,4.74,1.39,1.4,0.011,0.169,4720
bert-large-uncased-whole-word-masking-squad-int8-0001 [384],core,Intel® Core™ i7-1185G7 iGPU-only,9.22,4.36,7.57,0.021,0.329,2930
bert-large-uncased-whole-word-masking-squad-int8-0001 [384],core,Intel® Core™ i7-1185G7 CPU+iGPU,9.62,4.17,6.97,0.022,0.343,
bert-large-uncased-whole-word-masking-squad-int8-0001 [384],core,Intel® Core™ i7-1185GRE CPU-only,3.11,0.99,1.01,0.006,0.11,2960
bert-large-uncased-whole-word-masking-squad-int8-0001 [384],core,Intel® Core™ i5-10500TE ,2.73,1.58,1.58,0.014,0.078,2830
bert-large-uncased-whole-word-masking-squad-int8-0001 [384],xeon,Intel® Xeon® W1290P,4.76,2.68,2.65,0.008,0.038,5510
bert-large-uncased-whole-word-masking-squad-int8-0001 [384],xeon,Intel® Xeon® E-2124G,2.09,1.33,1.32,0.009,0.029,2070
bert-large-uncased-whole-word-masking-squad-int8-0001 [384],xeon,Intel® Xeon® Silver 4216R,18.92,4.6,4.58,0.009,0.075,17740
bert-large-uncased-whole-word-masking-squad-int8-0001 [384],xeon,Intel® Xeon® Silver 4316,,,,0,0,
bert-large-uncased-whole-word-masking-squad-int8-0001 [384],xeon,Intel® Xeon® Gold 5218T,19.92,4.57,4.56,0.007,0.094,18410
bert-large-uncased-whole-word-masking-squad-int8-0001 [384],xeon,Intel® Xeon® Platinum 8270,45.22,14.96,14.93,0.003,0.11,38770
bert-large-uncased-whole-word-masking-squad-int8-0001 [384],xeon,Intel® Xeon® Platinum 8380,,,,0,0,
end_rec,,,,,,,,
begin_rec,,,,,,,,
deeplabv3-TF [513x513],atom,Intel® Atom™ x5-E3940,3.24,1.51,1.52,0.095,0.341,3150
deeplabv3-TF [513x513],atom,Intel® Atom™ x6425E CPU-only,,,,#VALUE!,#VALUE!,0
deeplabv3-TF [513x513],atom,Intel® Atom™ x6425E iGPU-only,,,,#VALUE!,#VALUE!,0
deeplabv3-TF [513x513],atom,Intel® Atom™ x6425E CPU+iGPU,,,,#VALUE!,#VALUE!,
deeplabv3-TF [513x513],atom,Intel® Celeron 6305E CPU-only,,,,0,0,
deeplabv3-TF [513x513],atom,Intel® Celeron 6305E iGPU-only,,,,0,0,
deeplabv3-TF [513x513],atom,Intel® Celeron 6305E CPU+iGPU,,,,0,0,
deeplabv3-TF [513x513],core,Intel® Core™ i3-8100,25.87,15.56,15.49,0.221,0.397,25650
deeplabv3-TF [513x513],core,Intel® Core™ i5-8500,40.93,22.73,23.22,0.213,0.629,40690
deeplabv3-TF [513x513],core,Intel® Core™ i7-8700T,34.2,19.34,19.17,0.112,0.977,33220
deeplabv3-TF [513x513],core,Intel® Core™ i9-10900TE,35.72,18.73,18.93,0.08,1.02,31140
deeplabv3-TF [513x513],core,Intel® Core™ i9-12900HK CPU-only,84.26,31.62,31.72,0.132,1.872,47890
deeplabv3-TF [513x513],core,Intel® Core™ i9-12900HK iGPU-only,84.26,31.62,31.72,0.132,1.872,118250
deeplabv3-TF [513x513],core,Intel® Core™ i9-12900HK CPU+iGPU,148.8,50.23,62.98,0.234,3.306,
deeplabv3-TF [513x513],core,Intel® Core™ i9-12900K CPU-only,140.27,49.8,50.84,0.238,1.122,47890
deeplabv3-TF [513x513],core,Intel® Core™ i9-12900K iGPU-only,60.76,21.19,32.18,0.103,0.486,62790
deeplabv3-TF [513x513],core,Intel® Core™ i9-12900K CPU+iGPU,135.2,51.72,64.49,0.229,1.081,
deeplabv3-TF [513x513],core,Intel® Core™ i7-11800H CPU-only,115.77,27.94,27.53,0.293,3.307,108360
deeplabv3-TF [513x513],core,Intel® Core™ i7-11800H iGPU-only,55.48,19.27,29.91,0.14,1.585,57460
deeplabv3-TF [513x513],core,Intel® Core™ i7-11800H CPU+iGPU,112.08,34.13,45.92,0.283,3.202,
deeplabv3-TF [513x513],core,Intel® Core™ i7-1185G7 CPU-only,62.94,17.49,17.68,0.147,2.247,60140
deeplabv3-TF [513x513],core,Intel® Core™ i7-1185G7 iGPU-only,108.95,30.02,54.04,0.255,3.89,38990
deeplabv3-TF [513x513],core,Intel® Core™ i7-1185G7 CPU+iGPU,124.53,29.8,54.09,0.292,4.447,
deeplabv3-TF [513x513],core,Intel® Core™ i7-1185GRE CPU-only,35.1,8.54,9.63,0.071,1.253,39740
deeplabv3-TF [513x513],core,Intel® Core™ i5-10500TE ,35.72,18.73,18.93,0.183,1.02,31140
deeplabv3-TF [513x513],xeon,Intel® Xeon® W1290P,72.32,20.59,20.3,0.134,0.578,74080
deeplabv3-TF [513x513],xeon,Intel® Xeon® E-2124G,24.91,16.57,16.5,0.116,0.35,24740
deeplabv3-TF [513x513],xeon,Intel® Xeon® Silver 4216R,242.94,78.44,79.01,0.121,0.971,216690
deeplabv3-TF [513x513],xeon,Intel® Xeon® Silver 4316,,,,0,0,
deeplabv3-TF [513x513],xeon,Intel® Xeon® Gold 5218T,249.56,81.7,82.45,0.092,1.188,223840
deeplabv3-TF [513x513],xeon,Intel® Xeon® Platinum 8270,617.9,151.71,152.05,0.041,1.507,484760
deeplabv3-TF [513x513],xeon,Intel® Xeon® Platinum 8380,,,,0,0,
deeplabv3-TF [513x513],accel,Intel® Neural Compute Stick 2,,,3.52,0.051,1.408,
deeplabv3-TF [513x513],accel,Intel® Movidius™ VPUs (Uzel* UI-AR8),,,,0,0,
end_rec,,,,,,,,
begin_rec,,,,,,,,
densenet-121-tf2 [224x224],atom,Intel® Atom™ x5-E3940,13.46,5.99,6,0.395,1.416,12440
densenet-121-tf2 [224x224],atom,Intel® Atom™ x6425E CPU-only,,,,#VALUE!,#VALUE!,0
densenet-121-tf2 [224x224],atom,Intel® Atom™ x6425E iGPU-only,,,,#VALUE!,#VALUE!,0
densenet-121-tf2 [224x224],atom,Intel® Atom™ x6425E CPU+iGPU,,,,#VALUE!,#VALUE!,
densenet-121-tf2 [224x224],atom,Intel® Celeron 6305E CPU-only,,,,0,0,
densenet-121-tf2 [224x224],atom,Intel® Celeron 6305E iGPU-only,,,,0,0,
densenet-121-tf2 [224x224],atom,Intel® Celeron 6305E CPU+iGPU,,,,0,0,
densenet-121-tf2 [224x224],core,Intel® Core™ i3-8100,118.63,66.54,66.47,1.013,1.825,104390
densenet-121-tf2 [224x224],core,Intel® Core™ i5-8500,180.09,98.98,100.81,0.937,2.77,159660
densenet-121-tf2 [224x224],core,Intel® Core™ i7-8700T,144.17,80.5,81.37,0.475,4.119,127560
densenet-121-tf2 [224x224],core,Intel® Core™ i9-10900TE,154.81,81.65,83.62,0.348,4.423,109730
densenet-121-tf2 [224x224],core,Intel® Core™ i9-12900HK CPU-only,402.57,119.62,121.26,0.633,8.946,248040
densenet-121-tf2 [224x224],core,Intel® Core™ i9-12900HK iGPU-only,462.98,154.4,210.72,0.729,10.288,96340
densenet-121-tf2 [224x224],core,Intel® Core™ i9-12900HK CPU+iGPU,681.44,213.11,258.16,1.073,15.143,
densenet-121-tf2 [224x224],core,Intel® Core™ i9-12900K CPU-only,613.65,201.09,204.96,1.041,4.909,248040
densenet-121-tf2 [224x224],core,Intel® Core™ i9-12900K iGPU-only,228.64,71.22,113.94,0.388,1.829,146520
densenet-121-tf2 [224x224],core,Intel® Core™ i9-12900K CPU+iGPU,787.76,199.82,238.94,1.337,6.302,
densenet-121-tf2 [224x224],core,Intel® Core™ i7-11800H CPU-only,481.04,144.78,145.8,1.217,13.743,342510
densenet-121-tf2 [224x224],core,Intel® Core™ i7-11800H iGPU-only,206.98,64.18,106.55,0.524,5.913,125000
densenet-121-tf2 [224x224],core,Intel® Core™ i7-11800H CPU+iGPU,581.31,177.16,201.24,1.471,16.608,
densenet-121-tf2 [224x224],core,Intel® Core™ i7-1185G7 CPU-only,264.79,78.5,79.36,0.621,9.456,60140
densenet-121-tf2 [224x224],core,Intel® Core™ i7-1185G7 iGPU-only,283.32,47.18,142.35,0.665,10.118,129010
densenet-121-tf2 [224x224],core,Intel® Core™ i7-1185G7 CPU+iGPU,565.02,160.7,212.31,1.326,20.179,
densenet-121-tf2 [224x224],core,Intel® Core™ i7-1185GRE CPU-only,196.36,54.56,53.63,0.4,7.012,152250
densenet-121-tf2 [224x224],core,Intel® Core™ i5-10500TE ,154.81,81.65,83.62,0.793,4.423,138750
densenet-121-tf2 [224x224],xeon,Intel® Xeon® W1290P,362.1,179.4,182.55,0.671,2.896,266960
densenet-121-tf2 [224x224],xeon,Intel® Xeon® E-2124G,113.35,66.67,66.67,0.532,1.596,98790
densenet-121-tf2 [224x224],xeon,Intel® Xeon® Silver 4216R,1084.89,292.68,293.66,0.541,4.339,473490
densenet-121-tf2 [224x224],xeon,Intel® Xeon® Silver 4316,,,,0,0,
densenet-121-tf2 [224x224],xeon,Intel® Xeon® Gold 5218T,1132.42,309.78,308.91,0.419,5.392,489000
densenet-121-tf2 [224x224],xeon,Intel® Xeon® Platinum 8270,3206.64,801.36,789.27,0.216,7.821,664830
densenet-121-tf2 [224x224],xeon,Intel® Xeon® Platinum 8380,,,,0,0,
densenet-121-tf2 [224x224],accel,Intel® Neural Compute Stick 2,,,37.06,0.537,14.824,
densenet-121-tf2 [224x224],accel,Intel® Movidius™ VPUs (Uzel* UI-AR8),,,,0,0,
end_rec,,,,,,,,
begin_rec,,,,,,,,
efficientdet-d0 [512x512],atom,Intel® Atom™ x5-E3940,3.65,2.63,2.63,0.107,0.384,3420
efficientdet-d0 [512x512],atom,Intel® Atom™ x6425E CPU-only,,,,#VALUE!,#VALUE!,0
efficientdet-d0 [512x512],atom,Intel® Atom™ x6425E iGPU-only,,,,#VALUE!,#VALUE!,0
efficientdet-d0 [512x512],atom,Intel® Atom™ x6425E CPU+iGPU,,,,#VALUE!,#VALUE!,
efficientdet-d0 [512x512],atom,Intel® Celeron 6305E CPU-only,,,,0,0,
efficientdet-d0 [512x512],atom,Intel® Celeron 6305E iGPU-only,,,,0,0,
efficientdet-d0 [512x512],atom,Intel® Celeron 6305E CPU+iGPU,,,,0,0,
efficientdet-d0 [512x512],core,Intel® Core™ i3-8100,33.07,23.98,23.99,0.282,0.508,31560
efficientdet-d0 [512x512],core,Intel® Core™ i5-8500,52.32,35.94,35.76,0.272,0.804,48420
efficientdet-d0 [512x512],core,Intel® Core™ i7-8700T,45.95,33.9,34.08,0.151,1.312,40620
efficientdet-d0 [512x512],core,Intel® Core™ i9-10900TE,49.03,31.68,31.83,0.11,1.4,35520
efficientdet-d0 [512x512],core,Intel® Core™ i9-12900HK CPU-only,94.19,52.7,52.79,0.148,2.093,44470
efficientdet-d0 [512x512],core,Intel® Core™ i9-12900HK iGPU-only,104.6,61.65,93.4,0.164,2.324,36200
efficientdet-d0 [512x512],core,Intel® Core™ i9-12900HK CPU+iGPU,129.81,70.27,94.33,0.204,2.884,
efficientdet-d0 [512x512],core,Intel® Core™ i9-12900K CPU-only,152.65,81.6,82.38,0.259,1.221,44470
efficientdet-d0 [512x512],core,Intel® Core™ i9-12900K iGPU-only,76.33,44.32,70.02,0.129,0.61,52600
efficientdet-d0 [512x512],core,Intel® Core™ i9-12900K CPU+iGPU,149.83,83.48,105.56,0.254,1.198,
efficientdet-d0 [512x512],core,Intel® Core™ i7-11800H CPU-only,111.85,57.21,57.22,0.283,3.195,93530
efficientdet-d0 [512x512],core,Intel® Core™ i7-11800H iGPU-only,66.94,39.07,62.61,0.169,1.912,46260
efficientdet-d0 [512x512],core,Intel® Core™ i7-11800H CPU+iGPU,113.1,58.27,77.07,0.286,3.231,
efficientdet-d0 [512x512],core,Intel® Core™ i7-1185G7 CPU-only,67.02,34.66,34.74,0.157,2.393,58550
efficientdet-d0 [512x512],core,Intel® Core™ i7-1185G7 iGPU-only,35,27.29,27.86,0.082,1.25,29700
efficientdet-d0 [512x512],core,Intel® Core™ i7-1185G7 CPU+iGPU,105.44,49.72,69.82,0.247,3.765,
efficientdet-d0 [512x512],core,Intel® Core™ i7-1185GRE CPU-only,43.86,17.55,17.6,0.089,1.566,32390
efficientdet-d0 [512x512],core,Intel® Core™ i5-10500TE ,49.03,31.68,31.83,0.251,1.4,40940
efficientdet-d0 [512x512],xeon,Intel® Xeon® W1290P,89.46,36.74,36.69,0.165,0.715,75210
efficientdet-d0 [512x512],xeon,Intel® Xeon® E-2124G,32.57,27.29,27.38,0.152,0.458,30550
efficientdet-d0 [512x512],xeon,Intel® Xeon® Silver 4216R,217.53,121.59,121.41,0.108,0.87,153900
efficientdet-d0 [512x512],xeon,Intel® Xeon® Silver 4316,,,,0,0,
efficientdet-d0 [512x512],xeon,Intel® Xeon® Gold 5218T,225.99,123.83,123.77,0.083,1.076,156730
efficientdet-d0 [512x512],xeon,Intel® Xeon® Platinum 8270,430.76,214.53,213.45,0.029,1.05,237620
efficientdet-d0 [512x512],xeon,Intel® Xeon® Platinum 8380,,,,0,0,
efficientdet-d0 [512x512],accel,Intel® Neural Compute Stick 2,,,3.67,0.053,1.468,
efficientdet-d0 [512x512],accel,Intel® Movidius™ VPUs (Uzel* UI-AR8),,,,0,0,
end_rec,,,,,,,,
begin_rec,,,,,,,,
faster_rcnn_resnet50_coco-TF [600x1024],atom,Intel® Atom™ x5-E3940,0.32,0.13,0.13,0.009,0.033,320
faster_rcnn_resnet50_coco-TF [600x1024],atom,Intel® Atom™ x6425E CPU-only,,,,#VALUE!,#VALUE!,0
faster_rcnn_resnet50_coco-TF [600x1024],atom,Intel® Atom™ x6425E iGPU-only,,,,#VALUE!,#VALUE!,0
faster_rcnn_resnet50_coco-TF [600x1024],atom,Intel® Atom™ x6425E CPU+iGPU,,,,#VALUE!,#VALUE!,
faster_rcnn_resnet50_coco-TF [600x1024],atom,Intel® Celeron 6305E CPU-only,,,,0,0,
faster_rcnn_resnet50_coco-TF [600x1024],atom,Intel® Celeron 6305E iGPU-only,,,,0,0,
faster_rcnn_resnet50_coco-TF [600x1024],atom,Intel® Celeron 6305E CPU+iGPU,,,,0,0,
faster_rcnn_resnet50_coco-TF [600x1024],core,Intel® Core™ i3-8100,3.01,1.5,1.51,0.025,0.046,2920
faster_rcnn_resnet50_coco-TF [600x1024],core,Intel® Core™ i5-8500,4.65,2.34,2.4,0.024,0.071,4100
faster_rcnn_resnet50_coco-TF [600x1024],core,Intel® Core™ i7-8700T,3.72,1.84,1.87,0.012,0.106,3250
faster_rcnn_resnet50_coco-TF [600x1024],core,Intel® Core™ i9-10900TE,3.83,1.92,1.94,0.008,0.109,3350
faster_rcnn_resnet50_coco-TF [600x1024],core,Intel® Core™ i9-12900HK CPU-only,10.23,3.15,3.16,0.016,0.227,5730
faster_rcnn_resnet50_coco-TF [600x1024],core,Intel® Core™ i9-12900HK iGPU-only,17.31,4.42,9.49,0.027,0.384,16430
faster_rcnn_resnet50_coco-TF [600x1024],core,Intel® Core™ i9-12900HK CPU+iGPU,21.15,5.68,10,0.033,0.47,
faster_rcnn_resnet50_coco-TF [600x1024],core,Intel® Core™ i9-12900K CPU-only,17.59,5.29,5.31,0.029,0.14,5730
faster_rcnn_resnet50_coco-TF [600x1024],core,Intel® Core™ i9-12900K iGPU-only,6.97,1.99,4.22,0.011,0.055,6870
faster_rcnn_resnet50_coco-TF [600x1024],core,Intel® Core™ i9-12900K CPU+iGPU,16.83,4.91,7.14,0.028,0.134,
faster_rcnn_resnet50_coco-TF [600x1024],core,Intel® Core™ i7-11800H CPU-only,12.82,3.44,3.48,0.032,0.366,12020
faster_rcnn_resnet50_coco-TF [600x1024],core,Intel® Core™ i7-11800H iGPU-only,6.41,1.81,3.85,0.016,0.183,6320
faster_rcnn_resnet50_coco-TF [600x1024],core,Intel® Core™ i7-11800H CPU+iGPU,13.71,3.75,5.62,0.034,0.391,
faster_rcnn_resnet50_coco-TF [600x1024],core,Intel® Core™ i7-1185G7 CPU-only,7.23,1.88,1.9,0.016,0.258,6870
faster_rcnn_resnet50_coco-TF [600x1024],core,Intel® Core™ i7-1185G7 iGPU-only,16.25,2.55,8.57,0.038,0.58,4530
faster_rcnn_resnet50_coco-TF [600x1024],core,Intel® Core™ i7-1185G7 CPU+iGPU,18.82,4.48,8.31,0.044,0.672,
faster_rcnn_resnet50_coco-TF [600x1024],core,Intel® Core™ i7-1185GRE CPU-only,4.65,1.34,1.29,0.009,0.166,4750
faster_rcnn_resnet50_coco-TF [600x1024],core,Intel® Core™ i5-10500TE ,3.83,1.92,1.94,0.019,0.109,3330
faster_rcnn_resnet50_coco-TF [600x1024],xeon,Intel® Xeon® W1290P,8.91,4.48,4.51,0.016,0.071,7150
faster_rcnn_resnet50_coco-TF [600x1024],xeon,Intel® Xeon® E-2124G,2.89,1.51,1.51,0.013,0.04,2820
faster_rcnn_resnet50_coco-TF [600x1024],xeon,Intel® Xeon® Silver 4216R,28.43,7.86,7.87,0.014,0.113,25370
faster_rcnn_resnet50_coco-TF [600x1024],xeon,Intel® Xeon® Silver 4316,,,,0,0,
faster_rcnn_resnet50_coco-TF [600x1024],xeon,Intel® Xeon® Gold 5218T,29.62,8.25,8.25,0.01,0.141,25780
faster_rcnn_resnet50_coco-TF [600x1024],xeon,Intel® Xeon® Platinum 8270,81.67,23.78,23.81,0.005,0.199,59440
faster_rcnn_resnet50_coco-TF [600x1024],xeon,Intel® Xeon® Platinum 8380,,,,0,0,
faster_rcnn_resnet50_coco-TF [600x1024],accel,Intel® Neural Compute Stick 2,,,0.42,0.006,0.168,
faster_rcnn_resnet50_coco-TF [600x1024],accel,Intel® Movidius™ VPUs (Uzel* UI-AR8),,,,0,0,
end_rec,,,,,,,,
begin_rec,,,,,,,,
inception-v4-TF [299x299],atom,Intel® Atom™ x5-E3940,3.17,1.35,1.36,0.093,0.333,3050
inception-v4-TF [299x299],atom,Intel® Atom™ x6425E CPU-only,,,,#VALUE!,#VALUE!,0
inception-v4-TF [299x299],atom,Intel® Atom™ x6425E iGPU-only,,,,#VALUE!,#VALUE!,0
inception-v4-TF [299x299],atom,Intel® Atom™ x6425E CPU+iGPU,,,,#VALUE!,#VALUE!,
inception-v4-TF [299x299],atom,Intel® Celeron 6305E CPU-only,,,,0,0,
inception-v4-TF [299x299],atom,Intel® Celeron 6305E iGPU-only,,,,0,0,
inception-v4-TF [299x299],atom,Intel® Celeron 6305E CPU+iGPU,,,,0,0,
inception-v4-TF [299x299],core,Intel® Core™ i3-8100,30.3,15.48,15.56,0.258,0.466,28400
inception-v4-TF [299x299],core,Intel® Core™ i5-8500,46.71,23.27,23.79,0.243,0.718,44470
inception-v4-TF [299x299],core,Intel® Core™ i7-8700T,36.27,18.6,18.84,0.119,1.036,35020
inception-v4-TF [299x299],core,Intel® Core™ i9-10900TE,38.48,19.12,19.4,0.086,1.099,30170
inception-v4-TF [299x299],core,Intel® Core™ i9-12900HK CPU-only,106.35,29.81,30.09,0.167,2.363,81560
inception-v4-TF [299x299],core,Intel® Core™ i9-12900HK iGPU-only,189.35,44.65,86.94,0.298,4.207,96160
inception-v4-TF [299x299],core,Intel® Core™ i9-12900HK CPU+iGPU,222.22,55.15,90.32,0.349,4.938,
inception-v4-TF [299x299],core,Intel® Core™ i9-12900K CPU-only,161.3,50.3,51.35,0.273,1.29,81560
inception-v4-TF [299x299],core,Intel® Core™ i9-12900K iGPU-only,72.23,18.04,37.23,0.122,0.577,56980
inception-v4-TF [299x299],core,Intel® Core™ i9-12900K CPU+iGPU,223.76,47,64.4,0.379,1.79,
inception-v4-TF [299x299],core,Intel® Core™ i7-11800H CPU-only,129.55,33.55,33.82,0.327,3.701,102580
inception-v4-TF [299x299],core,Intel® Core™ i7-11800H iGPU-only,66.5,16.62,34.23,0.168,1.9,51900
inception-v4-TF [299x299],core,Intel® Core™ i7-11800H CPU+iGPU,170.05,43.41,57.19,0.43,4.858,
inception-v4-TF [299x299],core,Intel® Core™ i7-1185G7 CPU-only,70.61,18.68,18.79,0.165,2.521,65620
inception-v4-TF [299x299],core,Intel® Core™ i7-1185G7 iGPU-only,108.33,35.91,62.66,0.254,3.868,36910
inception-v4-TF [299x299],core,Intel® Core™ i7-1185G7 CPU+iGPU,191.78,45.25,76.07,0.45,6.849,
inception-v4-TF [299x299],core,Intel® Core™ i7-1185GRE CPU-only,49.45,12.77,12.98,0.1,1.766,53110
inception-v4-TF [299x299],core,Intel® Core™ i5-10500TE ,38.48,19.12,19.4,0.197,1.099,39240
inception-v4-TF [299x299],xeon,Intel® Xeon® W1290P,93.9,45.41,45.6,0.174,0.751,7150
inception-v4-TF [299x299],xeon,Intel® Xeon® E-2124G,28.73,15.06,15.07,0.134,0.404,26880
inception-v4-TF [299x299],xeon,Intel® Xeon® Silver 4216R,290.72,73.03,73.11,0.145,1.162,172490
inception-v4-TF [299x299],xeon,Intel® Xeon® Silver 4316,,,,0,0,
inception-v4-TF [299x299],xeon,Intel® Xeon® Gold 5218T,306.99,76.67,76.54,0.113,1.461,184380
inception-v4-TF [299x299],xeon,Intel® Xeon® Platinum 8270,908.32,215.49,214.75,0.061,2.215,315160
inception-v4-TF [299x299],xeon,Intel® Xeon® Platinum 8380,,,,0,0,
inception-v4-TF [299x299],accel,Intel® Neural Compute Stick 2,,,10.67,0.154,4.268,
inception-v4-TF [299x299],accel,Intel® Movidius™ VPUs (Uzel* UI-AR8),,,,0,0,
end_rec,,,,,,,,
begin_rec,,,,,,,,
resnet-18-pytorch [224x224],atom,Intel® Atom™ x5-E3940,,9.61,9.61,#VALUE!,#VALUE!,0
resnet-18-pytorch [224x224],atom,Intel® Atom™ x6425E CPU-only,,,,#VALUE!,#VALUE!,0
resnet-18-pytorch [224x224],atom,Intel® Atom™ x6425E iGPU-only,,,,#VALUE!,#VALUE!,0
resnet-18-pytorch [224x224],atom,Intel® Atom™ x6425E CPU+iGPU,,,,#VALUE!,#VALUE!,
resnet-18-pytorch [224x224],atom,Intel® Celeron 6305E CPU-only,,,,0,0,
resnet-18-pytorch [224x224],atom,Intel® Celeron 6305E iGPU-only,,,,0,0,
resnet-18-pytorch [224x224],atom,Intel® Celeron 6305E CPU+iGPU,,,,0,0,
resnet-18-pytorch [224x224],core,Intel® Core™ i3-8100,,104.83,104.68,#VALUE!,#VALUE!,0
resnet-18-pytorch [224x224],core,Intel® Core™ i5-8500,,156.19,158.89,#VALUE!,#VALUE!,0
resnet-18-pytorch [224x224],core,Intel® Core™ i7-8700T,,121.86,123.25,#VALUE!,#VALUE!,0
resnet-18-pytorch [224x224],core,Intel® Core™ i9-10900TE,,126.62,128.51,#VALUE!,#VALUE!,0
resnet-18-pytorch [224x224],core,Intel® Core™ i9-12900HK CPU-only,,200.95,205.19,#VALUE!,#VALUE!,0
resnet-18-pytorch [224x224],core,Intel® Core™ i9-12900HK iGPU-only,,363.56,797.93,#VALUE!,#VALUE!,0
resnet-18-pytorch [224x224],core,Intel® Core™ i9-12900HK CPU+iGPU,,466.67,833.79,#VALUE!,#VALUE!,
resnet-18-pytorch [224x224],core,Intel® Core™ i9-12900K CPU-only,,281.99,282.83,#VALUE!,#VALUE!,0
resnet-18-pytorch [224x224],core,Intel® Core™ i9-12900K iGPU-only,,150.96,317.56,#VALUE!,#VALUE!,0
resnet-18-pytorch [224x224],core,Intel® Core™ i9-12900K CPU+iGPU,,417.21,582.57,#VALUE!,#VALUE!,
resnet-18-pytorch [224x224],core,Intel® Core™ i7-11800H CPU-only,,256,255.62,#VALUE!,#VALUE!,0
resnet-18-pytorch [224x224],core,Intel® Core™ i7-11800H iGPU-only,,138.07,288.23,#VALUE!,#VALUE!,0
resnet-18-pytorch [224x224],core,Intel® Core™ i7-11800H CPU+iGPU,,352.19,481.2,#VALUE!,#VALUE!,
resnet-18-pytorch [224x224],core,Intel® Core™ i7-1185G7 CPU-only,,137.94,140.34,#VALUE!,#VALUE!,0
resnet-18-pytorch [224x224],core,Intel® Core™ i7-1185G7 iGPU-only,,336.54,727.41,#VALUE!,#VALUE!,0
resnet-18-pytorch [224x224],core,Intel® Core™ i7-1185G7 CPU+iGPU,,386.38,709.46,#VALUE!,#VALUE!,
resnet-18-pytorch [224x224],core,Intel® Core™ i7-1185GRE CPU-only,,100.16,94.5,#VALUE!,#VALUE!,0
resnet-18-pytorch [224x224],core,Intel® Core™ i5-10500TE ,,126.62,128.51,#VALUE!,#VALUE!,0
resnet-18-pytorch [224x224],xeon,Intel® Xeon® W1290P,,303.88,303.68,#VALUE!,#VALUE!,0
resnet-18-pytorch [224x224],xeon,Intel® Xeon® E-2124G,,101.02,100.96,#VALUE!,#VALUE!,0
resnet-18-pytorch [224x224],xeon,Intel® Xeon® Silver 4216R,,509.77,510.61,#VALUE!,#VALUE!,0
resnet-18-pytorch [224x224],xeon,Intel® Xeon® Silver 4316,,,,0,0,
resnet-18-pytorch [224x224],xeon,Intel® Xeon® Gold 5218T,,535.12,535.16,#VALUE!,#VALUE!,0
resnet-18-pytorch [224x224],xeon,Intel® Xeon® Platinum 8270,,1522.75,1528.02,#VALUE!,#VALUE!,0
resnet-18-pytorch [224x224],xeon,Intel® Xeon® Platinum 8380,,,,0,0,
resnet-18-pytorch [224x224],accel,Intel® Neural Compute Stick 2,,,97.93,1.419,39.172,
resnet-18-pytorch [224x224],accel,Intel® Movidius™ VPUs (Uzel* UI-AR8),,,,0,0,
end_rec,,,,,,,,
begin_rec,,,,,,,,
mobilenet-ssd-CF [300x300],atom,Intel® Atom™ x5-E3940,28.39,12.76,12.81,0.834,2.987,26280
mobilenet-ssd-CF [300x300],atom,Intel® Atom™ x6425E CPU-only,,,,#VALUE!,#VALUE!,0
mobilenet-ssd-CF [300x300],atom,Intel® Atom™ x6425E iGPU-only,,,,#VALUE!,#VALUE!,0
mobilenet-ssd-CF [300x300],atom,Intel® Atom™ x6425E CPU+iGPU,,,,#VALUE!,#VALUE!,
mobilenet-ssd-CF [300x300],atom,Intel® Celeron 6305E CPU-only,,,,0,0,
mobilenet-ssd-CF [300x300],atom,Intel® Celeron 6305E iGPU-only,,,,0,0,
mobilenet-ssd-CF [300x300],atom,Intel® Celeron 6305E CPU+iGPU,,,,0,0,
mobilenet-ssd-CF [300x300],core,Intel® Core™ i3-8100,247.35,141.48,140.91,2.114,3.805,224840
mobilenet-ssd-CF [300x300],core,Intel® Core™ i5-8500,367.18,215.16,219.37,1.912,5.648,355100
mobilenet-ssd-CF [300x300],core,Intel® Core™ i7-8700T,310.09,179,181.57,1.023,8.859,279440
mobilenet-ssd-CF [300x300],core,Intel® Core™ i9-10900TE,334.86,182.34,183.89,0.754,9.567,255980
mobilenet-ssd-CF [300x300],core,Intel® Core™ i9-12900HK CPU-only,817.61,261.78,264.77,1.287,18.169,497450
mobilenet-ssd-CF [300x300],core,Intel® Core™ i9-12900HK iGPU-only,781.19,292.57,425.88,1.23,17.359,256090
mobilenet-ssd-CF [300x300],core,Intel® Core™ i9-12900HK CPU+iGPU,1019.96,411.74,513.29,1.606,22.665,
mobilenet-ssd-CF [300x300],core,Intel® Core™ i9-12900K CPU-only,1333.65,435.27,448.98,2.264,10.669,497450
mobilenet-ssd-CF [300x300],core,Intel® Core™ i9-12900K iGPU-only,515.15,154.89,252.59,0.874,4.121,364430
mobilenet-ssd-CF [300x300],core,Intel® Core™ i9-12900K CPU+iGPU,1131.27,419.65,497.46,1.92,9.05,
mobilenet-ssd-CF [300x300],core,Intel® Core™ i7-11800H CPU-only,1057.1,325.41,326.78,2.676,30.202,814820
mobilenet-ssd-CF [300x300],core,Intel® Core™ i7-11800H iGPU-only,453.72,142.03,221.05,1.148,12.963,342660
mobilenet-ssd-CF [300x300],core,Intel® Core™ i7-11800H CPU+iGPU,1238.97,299.47,360.94,3.136,35.399,
mobilenet-ssd-CF [300x300],core,Intel® Core™ i7-1185G7 CPU-only,582.66,178.6,180.54,1.367,20.809,531590
mobilenet-ssd-CF [300x300],core,Intel® Core™ i7-1185G7 iGPU-only,334.12,267.26,299.77,0.784,11.932,211640
mobilenet-ssd-CF [300x300],core,Intel® Core™ i7-1185G7 CPU+iGPU,962.26,323.87,412.23,2.258,34.366,
mobilenet-ssd-CF [300x300],core,Intel® Core™ i7-1185GRE CPU-only,409.45,108.88,109.39,0.835,14.623,339550
mobilenet-ssd-CF [300x300],core,Intel® Core™ i5-10500TE ,334.86,182.34,183.89,1.717,9.567,307190
mobilenet-ssd-CF [300x300],xeon,Intel® Xeon® W1290P,786.94,351.53,354.33,1.459,6.295,639560
mobilenet-ssd-CF [300x300],xeon,Intel® Xeon® E-2124G,235.56,147.68,147.87,1.105,3.317,217160
mobilenet-ssd-CF [300x300],xeon,Intel® Xeon® Silver 4216R,2269.39,675.53,674.37,1.132,9.077,1280150
mobilenet-ssd-CF [300x300],xeon,Intel® Xeon® Silver 4316,,,,0,0,
mobilenet-ssd-CF [300x300],xeon,Intel® Xeon® Gold 5218T,2383.92,701.38,700.06,0.883,11.352,1330400
mobilenet-ssd-CF [300x300],xeon,Intel® Xeon® Platinum 8270,6849.59,1680.01,1646.85,0.462,16.706,2101610
mobilenet-ssd-CF [300x300],xeon,Intel® Xeon® Platinum 8380,,,,0,0,
mobilenet-ssd-CF [300x300],accel,Intel® Neural Compute Stick 2,,,58.17,0.843,23.268,
mobilenet-ssd-CF [300x300],accel,Intel® Movidius™ VPUs (Uzel* UI-AR8),,,,0,0,
end_rec,,,,,,,,
begin_rec,,,,,,,,
mobilenet-v2-pytorch [224x224],atom,Intel® Atom™ x5-E3940,,45.6,45.58,#VALUE!,#VALUE!,0
mobilenet-v2-pytorch [224x224],atom,Intel® Atom™ x6425E CPU-only,,,,#VALUE!,#VALUE!,0
mobilenet-v2-pytorch [224x224],atom,Intel® Atom™ x6425E iGPU-only,,,,#VALUE!,#VALUE!,0
mobilenet-v2-pytorch [224x224],atom,Intel® Atom™ x6425E CPU+iGPU,,,,#VALUE!,#VALUE!,
mobilenet-v2-pytorch [224x224],atom,Intel® Celeron 6305E CPU-only,,,,0,0,
mobilenet-v2-pytorch [224x224],atom,Intel® Celeron 6305E iGPU-only,,,,0,0,
mobilenet-v2-pytorch [224x224],atom,Intel® Celeron 6305E CPU+iGPU,,,,0,0,
mobilenet-v2-pytorch [224x224],core,Intel® Core™ i3-8100,,462.09,461.31,#VALUE!,#VALUE!,0
mobilenet-v2-pytorch [224x224],core,Intel® Core™ i5-8500,,667.77,689.02,#VALUE!,#VALUE!,0
mobilenet-v2-pytorch [224x224],core,Intel® Core™ i7-8700T,,535.77,543.37,#VALUE!,#VALUE!,0
mobilenet-v2-pytorch [224x224],core,Intel® Core™ i9-10900TE,,562.2,559.42,#VALUE!,#VALUE!,0
mobilenet-v2-pytorch [224x224],core,Intel® Core™ i9-12900HK CPU-only,,867.75,842.54,#VALUE!,#VALUE!,0
mobilenet-v2-pytorch [224x224],core,Intel® Core™ i9-12900HK iGPU-only,,702.53,1159.57,#VALUE!,#VALUE!,0
mobilenet-v2-pytorch [224x224],core,Intel® Core™ i9-12900HK CPU+iGPU,,1050,1347.5,#VALUE!,#VALUE!,
mobilenet-v2-pytorch [224x224],core,Intel® Core™ i9-12900K CPU-only,,1503.52,1517.84,#VALUE!,#VALUE!,0
mobilenet-v2-pytorch [224x224],core,Intel® Core™ i9-12900K iGPU-only,,427.45,902.76,#VALUE!,#VALUE!,0
mobilenet-v2-pytorch [224x224],core,Intel® Core™ i9-12900K CPU+iGPU,,1189.82,1519.86,#VALUE!,#VALUE!,
mobilenet-v2-pytorch [224x224],core,Intel® Core™ i7-11800H CPU-only,,972.93,962.11,#VALUE!,#VALUE!,0
mobilenet-v2-pytorch [224x224],core,Intel® Core™ i7-11800H iGPU-only,,389.76,801.03,#VALUE!,#VALUE!,0
mobilenet-v2-pytorch [224x224],core,Intel® Core™ i7-11800H CPU+iGPU,,819,1070.59,#VALUE!,#VALUE!,
mobilenet-v2-pytorch [224x224],core,Intel® Core™ i7-1185G7 CPU-only,,549.77,549.98,#VALUE!,#VALUE!,0
mobilenet-v2-pytorch [224x224],core,Intel® Core™ i7-1185G7 iGPU-only,,613.38,1020.86,#VALUE!,#VALUE!,0
mobilenet-v2-pytorch [224x224],core,Intel® Core™ i7-1185G7 CPU+iGPU,,762.09,1015.39,#VALUE!,#VALUE!,
mobilenet-v2-pytorch [224x224],core,Intel® Core™ i7-1185GRE CPU-only,,290.29,294.2,#VALUE!,#VALUE!,0
mobilenet-v2-pytorch [224x224],core,Intel® Core™ i5-10500TE ,,562.2,559.42,#VALUE!,#VALUE!,0
mobilenet-v2-pytorch [224x224],xeon,Intel® Xeon® W1290P,,928.08,947.94,#VALUE!,#VALUE!,0
mobilenet-v2-pytorch [224x224],xeon,Intel® Xeon® E-2124G,,485.14,485.87,#VALUE!,#VALUE!,0
mobilenet-v2-pytorch [224x224],xeon,Intel® Xeon® Silver 4216R,,1858.79,1854.91,#VALUE!,#VALUE!,0
mobilenet-v2-pytorch [224x224],xeon,Intel® Xeon® Silver 4316,,,,0,0,
mobilenet-v2-pytorch [224x224],xeon,Intel® Xeon® Gold 5218T,,1941.99,1942.2,#VALUE!,#VALUE!,0
mobilenet-v2-pytorch [224x224],xeon,Intel® Xeon® Platinum 8270,,4203.09,4190.4,#VALUE!,#VALUE!,0
mobilenet-v2-pytorch [224x224],xeon,Intel® Xeon® Platinum 8380,,,,0,0,
mobilenet-v2-pytorch [224x224],accel,Intel® Neural Compute Stick 2,,,90.73,1.314,36.292,
mobilenet-v2-pytorch [224x224],accel,Intel® Movidius™ VPUs (Uzel* UI-AR8),,,,0,0,
end_rec,,,,,,,,
begin_rec,,,,,,,,
resnet-50-TF [224x224],atom,Intel® Atom™ x5-E3940,9.54,3.79,3.8,0.28,1.004,9240
resnet-50-TF [224x224],atom,Intel® Atom™ x6425E CPU-only,,,,#VALUE!,#VALUE!,0
resnet-50-TF [224x224],atom,Intel® Atom™ x6425E iGPU-only,,,,#VALUE!,#VALUE!,0
resnet-50-TF [224x224],atom,Intel® Atom™ x6425E CPU+iGPU,,,,#VALUE!,#VALUE!,
resnet-50-TF [224x224],atom,Intel® Celeron 6305E CPU-only,,,,0,0,
resnet-50-TF [224x224],atom,Intel® Celeron 6305E iGPU-only,,,,0,0,
resnet-50-TF [224x224],atom,Intel® Celeron 6305E CPU+iGPU,,,,0,0,
resnet-50-TF [224x224],core,Intel® Core™ i3-8100,88.23,46.27,45.97,0.754,1.357,81940
resnet-50-TF [224x224],core,Intel® Core™ i5-8500,132.77,68.57,69.68,0.691,2.042,120610
resnet-50-TF [224x224],core,Intel® Core™ i7-8700T,106.84,53.93,54.62,0.352,3.052,97880
resnet-50-TF [224x224],core,Intel® Core™ i9-10900TE,114.24,55.47,56.28,0.257,3.263,90890
resnet-50-TF [224x224],core,Intel® Core™ i9-12900HK CPU-only,322,90.46,90.38,0.507,7.155,217770
resnet-50-TF [224x224],core,Intel® Core™ i9-12900HK iGPU-only,555.97,132.72,224.31,0.875,12.354,231200
resnet-50-TF [224x224],core,Intel® Core™ i9-12900HK CPU+iGPU,722.17,179.55,266.37,1.137,16.048,
resnet-50-TF [224x224],core,Intel® Core™ i9-12900K CPU-only,467.33,147.3,149.73,0.793,3.738,217770
resnet-50-TF [224x224],core,Intel® Core™ i9-12900K iGPU-only,208.12,57.54,126.01,0.353,1.664,171620
resnet-50-TF [224x224],core,Intel® Core™ i9-12900K CPU+iGPU,660.45,147.51,213.65,1.121,5.283,
resnet-50-TF [224x224],core,Intel® Core™ i7-11800H CPU-only,408.58,108.73,109.31,1.034,11.673,326600
resnet-50-TF [224x224],core,Intel® Core™ i7-11800H iGPU-only,191.64,52.79,114.88,0.485,5.475,149370
resnet-50-TF [224x224],core,Intel® Core™ i7-11800H CPU+iGPU,535.8,141.58,196.36,1.356,15.308,
resnet-50-TF [224x224],core,Intel® Core™ i7-1185G7 CPU-only,207.03,54.46,55.43,0.485,7.393,192670
resnet-50-TF [224x224],core,Intel® Core™ i7-1185G7 iGPU-only,544.71,116.66,255.3,1.278,19.453,112830
resnet-50-TF [224x224],core,Intel® Core™ i7-1185G7 CPU+iGPU,616.53,136.4,252.85,1.447,22.018,
resnet-50-TF [224x224],core,Intel® Core™ i7-1185GRE CPU-only,159.16,37.19,36.77,0.324,5.684,109790
resnet-50-TF [224x224],core,Intel® Core™ i5-10500TE ,114.24,55.47,56.28,0.585,3.263,107550
resnet-50-TF [224x224],xeon,Intel® Xeon® W1290P,273.24,128.64,128.74,0.506,2.185,233250
resnet-50-TF [224x224],xeon,Intel® Xeon® E-2124G,83.79,45.07,45.05,0.393,1.18,78530
resnet-50-TF [224x224],xeon,Intel® Xeon® Silver 4216R,830.36,215.46,215.57,0.414,3.321,590640
resnet-50-TF [224x224],xeon,Intel® Xeon® Silver 4316,,,,0,0,
resnet-50-TF [224x224],xeon,Intel® Xeon® Gold 5218T,868.28,225.47,225.87,0.321,4.134,617960
resnet-50-TF [224x224],xeon,Intel® Xeon® Platinum 8270,2628.33,616.83,613.59,0.177,6.41,1217160
resnet-50-TF [224x224],xeon,Intel® Xeon® Platinum 8380,,,,0,0,
resnet-50-TF [224x224],accel,Intel® Neural Compute Stick 2,,,28.68,0.415,11.472,
resnet-50-TF [224x224],accel,Intel® Movidius™ VPUs (Uzel* UI-AR8),,,,0,0,
end_rec,,,,,,,,
begin_rec,,,,,,,,
ssd-resnet34-1200-onnx [1200x1200],atom,Intel® Atom™ x5-E3940,0.18,0.08,0.08,0.005,0.018,180
ssd-resnet34-1200-onnx [1200x1200],atom,Intel® Atom™ x6425E CPU-only,,,,#VALUE!,#VALUE!,0
ssd-resnet34-1200-onnx [1200x1200],atom,Intel® Atom™ x6425E iGPU-only,,,,#VALUE!,#VALUE!,0
ssd-resnet34-1200-onnx [1200x1200],atom,Intel® Atom™ x6425E CPU+iGPU,,,,#VALUE!,#VALUE!,
ssd-resnet34-1200-onnx [1200x1200],atom,Intel® Celeron 6305E CPU-only,,,,0,0,
ssd-resnet34-1200-onnx [1200x1200],atom,Intel® Celeron 6305E iGPU-only,,,,0,0,
ssd-resnet34-1200-onnx [1200x1200],atom,Intel® Celeron 6305E CPU+iGPU,,,,0,0,
ssd-resnet34-1200-onnx [1200x1200],core,Intel® Core™ i3-8100,1.63,0.97,0.97,0.013,0.025,1600
ssd-resnet34-1200-onnx [1200x1200],core,Intel® Core™ i5-8500,1.98,1.11,1.13,0.01,0.03,2490
ssd-resnet34-1200-onnx [1200x1200],core,Intel® Core™ i7-8700T,1.98,1.11,1.13,0.006,0.056,1870
ssd-resnet34-1200-onnx [1200x1200],core,Intel® Core™ i9-10900TE,2.07,1.2,1.23,0.004,0.059,1880
ssd-resnet34-1200-onnx [1200x1200],core,Intel® Core™ i9-12900HK CPU-only,5.52,1.82,1.86,0.008,0.122,3930
ssd-resnet34-1200-onnx [1200x1200],core,Intel® Core™ i9-12900HK iGPU-only,10.55,3.19,5.55,0.016,0.234,9890
ssd-resnet34-1200-onnx [1200x1200],core,Intel® Core™ i9-12900HK CPU+iGPU,,,,#VALUE!,#VALUE!,
ssd-resnet34-1200-onnx [1200x1200],core,Intel® Core™ i9-12900K CPU-only,9.8,3.1,3.12,0.016,0.078,3930
ssd-resnet34-1200-onnx [1200x1200],core,Intel® Core™ i9-12900K iGPU-only,4.47,1.29,2.31,0.007,0.035,4370
ssd-resnet34-1200-onnx [1200x1200],core,Intel® Core™ i9-12900K CPU+iGPU,,,,#VALUE!,#VALUE!,
ssd-resnet34-1200-onnx [1200x1200],core,Intel® Core™ i7-11800H CPU-only,7.74,1.81,1.95,0.019,0.221,7690
ssd-resnet34-1200-onnx [1200x1200],core,Intel® Core™ i7-11800H iGPU-only,4.05,1.2,2.12,0.01,0.115,3940
ssd-resnet34-1200-onnx [1200x1200],core,Intel® Core™ i7-11800H CPU+iGPU,,,,#VALUE!,#VALUE!,
ssd-resnet34-1200-onnx [1200x1200],core,Intel® Core™ i7-1185G7 CPU-only,3.99,0.98,0.99,0.009,0.142,3890
ssd-resnet34-1200-onnx [1200x1200],core,Intel® Core™ i7-1185G7 iGPU-only,3.18,0.99,1.49,0.007,0.113,3120
ssd-resnet34-1200-onnx [1200x1200],core,Intel® Core™ i7-1185G7 CPU+iGPU,,,,#VALUE!,#VALUE!,
ssd-resnet34-1200-onnx [1200x1200],core,Intel® Core™ i7-1185GRE CPU-only,2.82,0.66,0.69,0.005,0.1,2350
ssd-resnet34-1200-onnx [1200x1200],core,Intel® Core™ i5-10500TE ,2.07,1.2,1.23,0.01,0.059,2050
ssd-resnet34-1200-onnx [1200x1200],xeon,Intel® Xeon® W1290P,5.04,2.94,2.96,0.009,0.04,4390
ssd-resnet34-1200-onnx [1200x1200],xeon,Intel® Xeon® E-2124G,1.57,0.93,0.93,0.007,0.022,1560
ssd-resnet34-1200-onnx [1200x1200],xeon,Intel® Xeon® Silver 4216R,15.61,4.3,4.3,0.007,0.062,15320
ssd-resnet34-1200-onnx [1200x1200],xeon,Intel® Xeon® Silver 4316,,,,0,0,
ssd-resnet34-1200-onnx [1200x1200],xeon,Intel® Xeon® Gold 5218T,16.36,4.52,4.52,0.006,0.077,16070
ssd-resnet34-1200-onnx [1200x1200],xeon,Intel® Xeon® Platinum 8270,44.17,13.69,13.81,0.002,0.107,42840
ssd-resnet34-1200-onnx [1200x1200],xeon,Intel® Xeon® Platinum 8380,,,,0,0,
ssd-resnet34-1200-onnx [1200x1200],accel,Intel® Neural Compute Stick 2,,,0.7,0.01,0.28,
ssd-resnet34-1200-onnx [1200x1200],accel,Intel® Movidius™ VPUs (Uzel* UI-AR8),,,,0,0,
end_rec,,,,,,,,
begin_rec,,,,,,,,
unet-camvid-onnx-0001 [368x480],atom,Intel® Atom™ x5-E3940,,0.04,0.13,#VALUE!,#VALUE!,0
unet-camvid-onnx-0001 [368x480],atom,Intel® Atom™ x6425E CPU-only,,,,#VALUE!,#VALUE!,0
unet-camvid-onnx-0001 [368x480],atom,Intel® Atom™ x6425E iGPU-only,,,,#VALUE!,#VALUE!,0
unet-camvid-onnx-0001 [368x480],atom,Intel® Atom™ x6425E CPU+iGPU,,,,#VALUE!,#VALUE!,
unet-camvid-onnx-0001 [368x480],atom,Intel® Celeron 6305E CPU-only,,,,0,0,
unet-camvid-onnx-0001 [368x480],atom,Intel® Celeron 6305E iGPU-only,,,,0,0,
unet-camvid-onnx-0001 [368x480],atom,Intel® Celeron 6305E CPU+iGPU,,,,0,0,
unet-camvid-onnx-0001 [368x480],core,Intel® Core™ i3-8100,,1.55,1.55,#VALUE!,#VALUE!,0
unet-camvid-onnx-0001 [368x480],core,Intel® Core™ i5-8500,,2.37,2.44,#VALUE!,#VALUE!,0
unet-camvid-onnx-0001 [368x480],core,Intel® Core™ i7-8700T,,1.83,1.84,#VALUE!,#VALUE!,0
unet-camvid-onnx-0001 [368x480],core,Intel® Core™ i9-10900TE,,1.95,1.98,#VALUE!,#VALUE!,0
unet-camvid-onnx-0001 [368x480],core,Intel® Core™ i9-12900HK CPU-only,,2.97,3,#VALUE!,#VALUE!,0
unet-camvid-onnx-0001 [368x480],core,Intel® Core™ i9-12900HK iGPU-only,,5.59,3.5,#VALUE!,#VALUE!,0
unet-camvid-onnx-0001 [368x480],core,Intel® Core™ i9-12900HK CPU+iGPU,,6.7,5.43,#VALUE!,#VALUE!,
unet-camvid-onnx-0001 [368x480],core,Intel® Core™ i9-12900K CPU-only,,4.87,5.2,#VALUE!,#VALUE!,0
unet-camvid-onnx-0001 [368x480],core,Intel® Core™ i9-12900K iGPU-only,,2.2,1.9,#VALUE!,#VALUE!,0
unet-camvid-onnx-0001 [368x480],core,Intel® Core™ i9-12900K CPU+iGPU,,5.2,4.81,#VALUE!,#VALUE!,
unet-camvid-onnx-0001 [368x480],core,Intel® Core™ i7-11800H CPU-only,,2.64,2.99,#VALUE!,#VALUE!,0
unet-camvid-onnx-0001 [368x480],core,Intel® Core™ i7-11800H iGPU-only,,1.98,1.76,#VALUE!,#VALUE!,0
unet-camvid-onnx-0001 [368x480],core,Intel® Core™ i7-11800H CPU+iGPU,,3.38,3.6,#VALUE!,#VALUE!,
unet-camvid-onnx-0001 [368x480],core,Intel® Core™ i7-1185G7 CPU-only,,1.47,1.65,#VALUE!,#VALUE!,0
unet-camvid-onnx-0001 [368x480],core,Intel® Core™ i7-1185G7 iGPU-only,,5.01,3.31,#VALUE!,#VALUE!,0
unet-camvid-onnx-0001 [368x480],core,Intel® Core™ i7-1185G7 CPU+iGPU,,,4.21,#VALUE!,#VALUE!,
unet-camvid-onnx-0001 [368x480],core,Intel® Core™ i7-1185GRE CPU-only,,1.03,1.21,#VALUE!,#VALUE!,0
unet-camvid-onnx-0001 [368x480],core,Intel® Core™ i5-10500TE ,,1.95,1.98,#VALUE!,#VALUE!,0
unet-camvid-onnx-0001 [368x480],xeon,Intel® Xeon® W1290P,,4.63,4.69,#VALUE!,#VALUE!,0
unet-camvid-onnx-0001 [368x480],xeon,Intel® Xeon® E-2124G,,1.5,1.5,#VALUE!,#VALUE!,0
unet-camvid-onnx-0001 [368x480],xeon,Intel® Xeon® Silver 4216R,,4.96,6.94,#VALUE!,#VALUE!,15320
unet-camvid-onnx-0001 [368x480],xeon,Intel® Xeon® Silver 4316,,,,0,0,
unet-camvid-onnx-0001 [368x480],xeon,Intel® Xeon® Gold 5218T,,5.2,7.27,#VALUE!,#VALUE!,0
unet-camvid-onnx-0001 [368x480],xeon,Intel® Xeon® Platinum 8270,,13.08,21.76,#VALUE!,#VALUE!,0
unet-camvid-onnx-0001 [368x480],xeon,Intel® Xeon® Platinum 8380,,,,0,0,
unet-camvid-onnx-0001 [368x480],accel,Intel® Neural Compute Stick 2,,,0.78,0.011,0.312,
unet-camvid-onnx-0001 [368x480],accel,Intel® Movidius™ VPUs (Uzel* UI-AR8),,,,0,0,
end_rec,,,,,,,,
begin_rec,,,,,,,,
yolo-v3-tiny-tf [416x416],atom,Intel® Atom™ x5-E3940,12.35,6.21,6.2,0.363,1.3,12090
yolo-v3-tiny-tf [416x416],atom,Intel® Atom™ x6425E CPU-only,,,,#VALUE!,#VALUE!,0
yolo-v3-tiny-tf [416x416],atom,Intel® Atom™ x6425E iGPU-only,,,,#VALUE!,#VALUE!,0
yolo-v3-tiny-tf [416x416],atom,Intel® Atom™ x6425E CPU+iGPU,,,,#VALUE!,#VALUE!,
yolo-v3-tiny-tf [416x416],atom,Intel® Celeron 6305E CPU-only,,,,0,0,
yolo-v3-tiny-tf [416x416],atom,Intel® Celeron 6305E iGPU-only,,,,0,0,
yolo-v3-tiny-tf [416x416],atom,Intel® Celeron 6305E CPU+iGPU,,,,0,0,
yolo-v3-tiny-tf [416x416],core,Intel® Core™ i3-8100,114.59,64.53,64.28,0.979,1.762,110850
yolo-v3-tiny-tf [416x416],core,Intel® Core™ i5-8500,176.93,95.69,97.11,0.921,2.722,170640
yolo-v3-tiny-tf [416x416],core,Intel® Core™ i7-8700T,139.73,77.35,78.05,0.461,3.992,132240
yolo-v3-tiny-tf [416x416],core,Intel® Core™ i9-10900TE,153.31,78.42,79.28,0.345,4.38,118960
yolo-v3-tiny-tf [416x416],core,Intel® Core™ i9-12900HK CPU-only,387.67,126.22,126.25,0.61,8.614,298390
yolo-v3-tiny-tf [416x416],core,Intel® Core™ i9-12900HK iGPU-only,596.52,183.68,285.69,0.939,13.255,448470
yolo-v3-tiny-tf [416x416],core,Intel® Core™ i9-12900HK CPU+iGPU,780.73,236.57,327.07,1.229,17.349,
yolo-v3-tiny-tf [416x416],core,Intel® Core™ i9-12900K CPU-only,603.26,207.31,209.46,1.024,4.826,298390
yolo-v3-tiny-tf [416x416],core,Intel® Core™ i9-12900K iGPU-only,277.52,88.07,150.15,0.471,2.22,245300
yolo-v3-tiny-tf [416x416],core,Intel® Core™ i9-12900K CPU+iGPU,814.98,204.28,259.18,1.383,6.519,
yolo-v3-tiny-tf [416x416],core,Intel® Core™ i7-11800H CPU-only,490.84,138.96,140.48,1.242,14.023,462780
yolo-v3-tiny-tf [416x416],core,Intel® Core™ i7-11800H iGPU-only,254.82,79.52,134.07,0.645,7.28,222580
yolo-v3-tiny-tf [416x416],core,Intel® Core™ i7-11800H CPU+iGPU,656.79,186.95,234.87,1.662,18.765,
yolo-v3-tiny-tf [416x416],core,Intel® Core™ i7-1185G7 CPU-only,275.41,80.74,81.39,0.646,9.835,258190
yolo-v3-tiny-tf [416x416],core,Intel® Core™ i7-1185G7 iGPU-only,629.76,168.41,267.95,1.478,22.491,313150
yolo-v3-tiny-tf [416x416],core,Intel® Core™ i7-1185G7 CPU+iGPU,700.91,199.55,272.16,1.645,25.032,
yolo-v3-tiny-tf [416x416],core,Intel® Core™ i7-1185GRE CPU-only,187.67,57.37,55.54,0.383,6.702,205360
yolo-v3-tiny-tf [416x416],core,Intel® Core™ i5-10500TE ,153.31,78.42,79.28,0.786,4.38,149550
yolo-v3-tiny-tf [416x416],xeon,Intel® Xeon® W1290P,355.31,172.03,172.76,0.659,2.842,323670
yolo-v3-tiny-tf [416x416],xeon,Intel® Xeon® E-2124G,108.74,64.51,64.2,0.51,1.531,105480
yolo-v3-tiny-tf [416x416],xeon,Intel® Xeon® Silver 4216R,1061.08,318.02,317.12,0.529,4.244,853670
yolo-v3-tiny-tf [416x416],xeon,Intel® Xeon® Silver 4316,,,,0,0,
yolo-v3-tiny-tf [416x416],xeon,Intel® Xeon® Gold 5218T,1106.7,334.13,334.26,0.41,5.27,888020
yolo-v3-tiny-tf [416x416],xeon,Intel® Xeon® Platinum 8270,3039.64,874.32,872.52,0.205,7.413,1700900
yolo-v3-tiny-tf [416x416],xeon,Intel® Xeon® Platinum 8380,,,,0,0,
yolo-v3-tiny-tf [416x416],accel,Intel® Neural Compute Stick 2,,,34.19,0.495,13.676,
yolo-v3-tiny-tf [416x416],accel,Intel® Movidius™ VPUs (Uzel* UI-AR8),,,,0,0,
end_rec,,,,,,,,
begin_rec,,,,,,,,
yolo_v4-tf [608x608],atom,Intel® Atom™ x5-E3940,0.5,0.25,0.25,0.014,0.052,500
yolo_v4-tf [608x608],atom,Intel® Atom™ x6425E CPU-only,,,,#VALUE!,#VALUE!,0
yolo_v4-tf [608x608],atom,Intel® Atom™ x6425E iGPU-only,,,,#VALUE!,#VALUE!,0
yolo_v4-tf [608x608],atom,Intel® Atom™ x6425E CPU+iGPU,,,,#VALUE!,#VALUE!,
yolo_v4-tf [608x608],atom,Intel® Celeron 6305E CPU-only,,,,0,0,
yolo_v4-tf [608x608],atom,Intel® Celeron 6305E iGPU-only,,,,0,0,
yolo_v4-tf [608x608],atom,Intel® Celeron 6305E CPU+iGPU,,,,0,0,
yolo_v4-tf [608x608],core,Intel® Core™ i3-8100,4.55,2.91,2.9,0.038,0.07,4470
yolo_v4-tf [608x608],core,Intel® Core™ i5-8500,7,4.31,4.38,0.036,0.107,6840
yolo_v4-tf [608x608],core,Intel® Core™ i7-8700T,5.64,3.41,3.44,0.018,0.161,5360
yolo_v4-tf [608x608],core,Intel® Core™ i9-10900TE,5.72,3.46,3.5,0.012,0.163,5180
yolo_v4-tf [608x608],core,Intel® Core™ i9-12900HK CPU-only,15.52,5.39,5.5,0.024,0.344,7380
yolo_v4-tf [608x608],core,Intel® Core™ i9-12900HK iGPU-only,28.81,9.09,16.53,0.045,0.64,27520
yolo_v4-tf [608x608],core,Intel® Core™ i9-12900HK CPU+iGPU,34.75,10.95,17.47,0.054,0.772,
yolo_v4-tf [608x608],core,Intel® Core™ i9-12900K CPU-only,26.6,9.1,9.2,0.045,0.212,7380
yolo_v4-tf [608x608],core,Intel® Core™ i9-12900K iGPU-only,12.46,4,7.36,0.021,0.099,12260
yolo_v4-tf [608x608],core,Intel® Core™ i9-12900K CPU+iGPU,27.17,9.58,12.82,0.046,0.217,
yolo_v4-tf [608x608],core,Intel® Core™ i7-11800H CPU-only,19.75,5.86,5.92,0.05,0.564,19580
yolo_v4-tf [608x608],core,Intel® Core™ i7-11800H iGPU-only,11.22,3.66,6.83,0.028,0.32,11180
yolo_v4-tf [608x608],core,Intel® Core™ i7-11800H CPU+iGPU,22.56,6.95,10.01,0.057,0.644,
yolo_v4-tf [608x608],core,Intel® Core™ i7-1185G7 CPU-only,10.83,3.2,3.24,0.025,0.386,10850
yolo_v4-tf [608x608],core,Intel® Core™ i7-1185G7 iGPU-only,28.64,7.82,14.76,0.067,1.022,8010
yolo_v4-tf [608x608],core,Intel® Core™ i7-1185G7 CPU+iGPU,31.39,8.88,14.37,0.073,1.12,
yolo_v4-tf [608x608],core,Intel® Core™ i7-1185GRE CPU-only,8.85,2.43,2.31,0.018,0.316,8350
yolo_v4-tf [608x608],core,Intel® Core™ i5-10500TE ,5.72,3.46,3.5,0.029,0.163,5980
yolo_v4-tf [608x608],xeon,Intel® Xeon® W1290P,14.56,7.89,7.9,0.027,0.116,12710
yolo_v4-tf [608x608],xeon,Intel® Xeon® E-2124G,4.32,2.81,2.8,0.02,0.06,4240
yolo_v4-tf [608x608],xeon,Intel® Xeon® Silver 4216R,44.06,13.77,13.77,0.021,0.176,41700
yolo_v4-tf [608x608],xeon,Intel® Xeon® Silver 4316,,,,0,0,
yolo_v4-tf [608x608],xeon,Intel® Xeon® Gold 5218T,46.35,14.5,14.51,0.017,0.22,44010
yolo_v4-tf [608x608],xeon,Intel® Xeon® Platinum 8270,110.12,40.46,40.91,0.007,0.268,93660
yolo_v4-tf [608x608],xeon,Intel® Xeon® Platinum 8380,,,,0,0,
yolo_v4-tf [608x608],accel,Intel® Neural Compute Stick 2,,,1.38,0.02,0.552,
yolo_v4-tf [608x608],accel,Intel® Movidius™ VPUs (Uzel* UI-AR8),,,,0,0,
end_rec,,,,,,,,
